blog_title,slug,primary_keyword,secondary_keywords,search_intent_summary,recommended_word_count,content_type,category
What Is SEO? A Complete Beginner’s Guide,what-is-seo,what is seo,"what is seo, what is seo and how it works, what is seo optimization, what is seo in digital marketing, seo meaning in business, why is seo so important","Beginner-friendly explanation of SEO, how it works, examples, and why it matters for businesses.",2200,informational,SEO fundamentals
"Types of SEO Explained: Local, Global, Technical & More",types-of-seo,types of seo,"types of seo, local seo, global seo, technical seo, on page seo, off page seo",Breakdown of all major SEO types with examples and use cases.,2000,informational,SEO fundamentals
SEO Examples: How Search Engine Optimization Works in Real Life,seo-examples,search engine optimization example,"search engine optimization example, seo examples, seo website examples",Real-world SEO examples to help readers understand implementation and results.,1800,informational,SEO fundamentals
Local SEO for Small Businesses: The Complete Guide,local-seo-for-small-businesses,local seo for small businesses,"local seo for small businesses, local seo, benefits of local seo, why local seo is important","Comprehensive guide explaining local SEO benefits, strategies, and why it matters.",2200,commercial,Local SEO
Local SEO Checklist: Step-by-Step Optimization Guide,local-seo-checklist,local seo checklist,"local seo checklist, local seo factors, local seo tips",Actionable checklist covering all major local SEO ranking factors.,1800,informational,Local SEO
Local SEO Pricing: What Small Businesses Should Expect to Pay,local-seo-pricing,local seo pricing,"local seo pricing, seo pricing, seo package pricing","Breakdown of local SEO costs, pricing models, and what affects pricing.",1600,commercial,Local SEO
How to Choose a Local SEO Expert or Consultant,local-seo-expert,local seo expert,"local seo expert, seo consultant, seo specialist",Guide on hiring and evaluating local SEO professionals.,1500,commercial,Local SEO
"SEO Pricing Explained: Packages, Costs, and ROI",seo-pricing,seo pricing,"seo pricing, seo package pricing, seo consultant pricing",Overview of SEO pricing models and what businesses get for their investment.,1800,commercial,SEO services
"White Label SEO: Services, Tools, and Reporting Explained",white-label-seo,white label seo,"white label local seo, white label seo reports, white label seo tools","Explains white label SEO services, tools, and reporting for agencies.",2000,commercial,SEO services
SEO vs SEM vs PPC: What’s the Difference?,seo-vs-sem-vs-ppc,sem vs seo,"sem vs seo, what is search engine marketing, what is ppc marketing, types of paid advertising","Clear comparison of SEO, SEM, and PPC with examples.",1800,informational,SEM & PPC
What Is PPC Marketing? A Beginner’s Guide,what-is-ppc-marketing,what is ppc marketing,"what is ppc marketing, types of paid advertising, ppc examples",Beginner guide to pay-per-click advertising and how it works.,1600,informational,SEM & PPC
WordPress SEO: Complete Optimization Checklist,wordpress-seo-checklist,wordpress seo checklist,"wordpress seo checklist, website seo tool, google search console for seo, sitemap generator",Step-by-step guide to optimizing WordPress websites for SEO.,2000,informational,WordPress
WordPress SEO Agency: When to Hire One (and What to Expect),wordpress-seo-agency,wordpress seo agency,"wordpress seo agency, wordpress maintenance service, website for seo",Explains when businesses should hire a WordPress SEO agency.,1600,commercial,WordPress
How WordPress Works: Beginner Guide for Business Owners,how-wordpress-works,how does wordpress work,"how does wordpress work, what is wordpress used for, is wordpress free, how does wordpress make money","Explains WordPress basics, costs, and business use cases.",1800,informational,WordPress
Elementor vs Divi: Which WordPress Builder Is Better?,elementor-vs-divi,elementor vs divi,"elementor vs divi, elementor free vs pro",Comparison of popular WordPress page builders.,1500,informational,WordPress
How to Use Elementor: Beginner’s Guide,how-to-use-elementor,how to use elementor,"how to use elementor, how to install elementor in wordpress, elementor editor not loading, elementor transparent header",Beginner guide to using Elementor effectively.,2000,informational,WordPress
How to Log In to WordPress (Step-by-Step),how-to-log-in-to-wordpress,how to log in to wordpress,how to log in to wordpress,Simple step-by-step WordPress login guide.,1000,informational,WordPress
How to Add Meta Tags in WordPress for SEO,add-meta-tags-wordpress,how to add a metatag to wordpress,"how to add a metatag to wordpress, wordpress seo",Guide to adding and managing meta tags in WordPress.,1200,informational,WordPress
Famous WordPress Sites: Examples & Inspiration,famous-wordpress-sites,famous wordpress sites,"famous wordpress sites, wordpress examples",Showcase of well-known sites built on WordPress.,1400,informational,WordPress
The Future of SEO: How AI Is Changing Search,future-of-seo-ai,future of seo with ai,"future of seo with ai, ai and seo",Explores how AI is shaping the future of SEO and search engines.,1800,thought leadership,SEO strategy
What Is a Marketing Agency and What Do They Actually Do?,what-is-a-marketing-agency,what is a marketing agency,"what is a marketing agency, digital marketing agency services",Explains what marketing agencies do and how they help businesses grow.,1500,informational,Marketing
